Dia de la semana,Dia,Mes,Anio,Contador Ruta Reforma222,Contador Ruta Revolucion,Contador Ruta Patriotismo
jueves,5,12,2013,2516,,
lunes,9,12,2013,2132,,
viernes,22,6,2018,2913,980,1163
martes,10,7,2018,2531,877,1013
sabado,7,7,2018,1534,616,584
sabado,29,9,2018,1751,603,643
viernes,27,7,2018,2873,867,1067
lunes,6,8,2018,33,803,
martes,28,5,2019,4015,1125,1416
domingo,16,3,2014,1275,,
lunes,10,3,2014,2491,,
miercoles,3,9,2014,1982,,
sabado,6,9,2014,1471,,
miercoles,30,7,2014,2367,,
lunes,7,7,2014,1957,,
miercoles,1,10,2014,2748,,
martes,14,10,2014,2189,,
miercoles,26,11,2014,2645,,
miercoles,29,10,2014,2739,,
viernes,21,11,2014,2422,,
viernes,28,11,2014,2544,,
lunes,16,2,2015,2427,,
viernes,17,4,2015,2726,,
lunes,23,3,2015,23,,
miercoles,24,12,2014,415,,
domingo,28,12,2014,1225,,
martes,16,12,2014,2511,,
miercoles,27,7,2016,2644,717,787
lunes,25,7,2016,1855,645,711
domingo,10,7,2016,1013,528,462
jueves,21,7,2016,2675,803,801
sabado,11,6,2016,1279,,
jueves,28,4,2016,2975,,
domingo,11,9,2016,972,464,495
viernes,2,9,2016,2704,852,934
lunes,12,9,2016,252,785,824
lunes,29,8,2016,2642,809,842
viernes,4,1,2019,3133,662,846
domingo,29,12,2013,1219,,
jueves,26,12,2013,1426,,
domingo,26,1,2014,1545,,
domingo,5,1,2014,988,,
miercoles,12,2,2014,2793,,
martes,4,2,2014,2579,,
jueves,30,1,2014,2767,,
domingo,25,12,2016,520,251,449
jueves,22,12,2016,2393,797,839
sabado,14,1,2017,1442,573,571
martes,17,1,2017,3071,1019,1203
miercoles,22,3,2017,3195,1183,1327
miercoles,1,3,2017,3269,1168,1371
viernes,3,3,2017,2921,1013,1199
martes,21,3,2017,2997,108,1302
miercoles,21,9,2016,2551,773,844
domingo,18,9,2016,1217,487,560
miercoles,5,10,2016,3197,909,1073
viernes,28,10,2016,2668,872,966
jueves,20,10,2016,2938,975,1043
lunes,7,11,2016,2782,103,1022
lunes,24,10,2016,2909,911,1032
miercoles,15,11,2017,3486,1153,1349
martes,12,12,2017,2637,950,1088
domingo,3,12,2017,1284,574,478
martes,5,12,2017,3413,1133,1327
sabado,10,2,2018,1486,981,625
viernes,19,1,2018,,1015,1079
domingo,21,1,2018,,549,559
sabado,6,1,2018,,611,527
lunes,29,1,2018,,866,986
viernes,25,11,2016,2651,960,973
viernes,11,11,2016,2735,765,860
lunes,5,12,2016,2844,961,105
viernes,27,4,2018,3087,1012,1236
lunes,9,4,2018,3078,112,1314
miercoles,26,4,2017,3238,1205,114
viernes,24,3,2017,2894,1115,1232
sabado,15,4,2017,2274,774,725
sabado,13,5,2017,1446,614,658
lunes,15,5,2017,6056,1101,1288
martes,27,6,2017,2456,911,529
lunes,5,6,2017,2933,1002,1286
lunes,22,5,2017,2628,896,114
sabado,15,7,2017,1674,629,571
sabado,22,7,2017,,627,558
domingo,23,7,2017,,423,580
jueves,27,7,2017,,922,967
domingo,5,11,2017,1541,,538
jueves,12,10,2017,,,1123
martes,24,10,2017,,,1168
miercoles,13,9,2017,,108,1167
lunes,21,8,2017,,969,1101
jueves,28,9,2017,,,1008
domingo,1,10,2017,,,687
lunes,26,3,2018,2905,904,1152
viernes,25,5,2018,3175,1043,1223
martes,22,5,2018,2884,109,1274
domingo,19,4,2015,1236,,
sabado,27,6,2015,1338,,
viernes,15,5,2015,2526,,
jueves,21,5,2015,2884,,
jueves,12,11,2015,2885,,
jueves,17,12,2015,2508,,
jueves,31,12,2015,1253,,
domingo,18,10,2015,778,,
miercoles,20,1,2016,2651,,
martes,19,1,2016,271,,
martes,26,1,2016,7282,,
sabado,12,3,2016,132,,
martes,26,4,2016,2975,,
lunes,14,3,2016,2645,,
lunes,21,3,2016,1077,,
miercoles,2,9,2015,1839,,
sabado,26,9,2015,872,,
viernes,25,9,2015,2559,,
miercoles,7,10,2015,2882,,
miercoles,1,7,2015,2435,,
sabado,22,8,2015,1331,,
sabado,25,7,2015,1419,,
sabado,27,2,2016,1543,,
jueves,3,3,2016,337,,
martes,3,6,2014,2546,,
sabado,24,5,2014,1267,,
lunes,26,5,2014,2329,,
viernes,3,5,2019,3821,1079,1261
domingo,10,2,2019,2131,655,651
domingo,3,2,2019,1909,337,566
lunes,25,2,2019,3346,840,1248
viernes,8,3,2019,4247,982,1324
lunes,11,3,2019,3871,715,1365
jueves,4,4,2019,4232,676,1330
martes,9,4,2019,3974,1104,1488
lunes,1,4,2019,3869,965,1367
sabado,22,6,2019,2748,774,945
lunes,17,6,2019,3692,1054,1297
lunes,24,6,2019,2979,630,935
jueves,11,7,2019,3420,755,1117
lunes,1,7,2019,3446,725,1138
miercoles,12,6,2019,4188,1148,1358
viernes,28,6,2019,3724,556,1159
martes,11,6,2019,4133,1171,1370
sabado,1,6,2019,1792,664,604
martes,15,1,2019,3972,913,1404
domingo,17,2,2019,1832,408,642
lunes,18,2,2019,3786,935,1368
martes,19,2,2019,4037,927,1494
miercoles,27,2,2019,4003,999,1474
lunes,4,3,2019,3021,766,1198
jueves,7,3,2019,4050,868,1314
sabado,9,3,2019,2329,466,750
miercoles,27,3,2019,4228,919,1464
sabado,13,4,2019,2243,688,700
viernes,19,4,2019,2011,432,575
sabado,28,12,2013,1052,,
miercoles,15,1,2014,2283,,
martes,17,12,2013,2246,,
viernes,17,1,2014,2297,,
jueves,23,1,2014,2442,,
miercoles,5,2,2014,2661,,
domingo,9,2,2014,1373,,
jueves,6,2,2014,2671,,
sabado,22,3,2014,1882,,
sabado,5,4,2014,1494,,
jueves,20,3,2014,297,,
martes,1,4,2014,2222,,
lunes,24,3,2014,2692,,
sabado,12,4,2014,16,,
viernes,18,4,2014,983,,
domingo,27,4,2014,1673,,
lunes,14,4,2014,2016,,
sabado,12,7,2014,154,,
sabado,22,11,2014,1457,,
viernes,26,12,2014,1472,,
domingo,21,12,2014,943,,
viernes,7,11,2014,2772,,
miercoles,28,5,2014,2263,,
viernes,20,6,2014,1786,,
viernes,30,5,2014,1972,,
martes,27,5,2014,2616,,
domingo,4,5,2014,1243,,
lunes,12,5,2014,2362,,
domingo,21,9,2014,117,,
viernes,10,10,2014,1992,,
viernes,17,10,2014,2479,,
domingo,26,10,2014,1299,,
lunes,6,10,2014,2155,,
sabado,7,3,2015,1848,,
miercoles,4,3,2015,2991,,
sabado,7,2,2015,1652,,
lunes,2,2,2015,1045,,
martes,27,1,2015,2968,,
sabado,23,5,2015,1506,,
miercoles,9,9,2015,2826,,
jueves,1,10,2015,2576,,
jueves,30,7,2015,2735,,
lunes,17,8,2015,2089,,
lunes,3,8,2015,239,,
sabado,21,11,2015,1468,,
viernes,10,7,2015,5861,,
domingo,28,6,2015,826,,
martes,23,6,2015,2823,,
miercoles,21,10,2015,2987,,
viernes,23,10,2015,2743,,
viernes,30,10,2015,2433,,
miercoles,13,7,2016,263,731,904
sabado,23,7,2016,1345,554,471
miercoles,1,6,2016,2825,,
martes,17,5,2016,2463,,
jueves,26,5,2016,2326,,
miercoles,6,1,2016,2236,,
sabado,23,4,2016,1347,,
sabado,7,5,2016,1459,,
miercoles,16,3,2016,2566,,
jueves,14,4,2016,3128,,
lunes,4,4,2016,2736,,
jueves,11,2,2016,2259,,
lunes,15,2,2016,2439,,
domingo,13,3,2016,133,,
lunes,22,2,2016,2504,,
lunes,8,2,2016,2128,,
lunes,15,8,2016,2712,845,930
lunes,13,2,2017,2993,1119,1171
lunes,20,2,2017,3069,1102,1231
domingo,15,1,2017,1245,567,551
domingo,8,1,2017,928,504,473
miercoles,31,5,2017,2849,106,1139
sabado,22,4,2017,1691,657,653
sabado,20,5,2017,1606,653,649
sabado,6,5,2017,1584,717,735
jueves,25,5,2017,2615,893,1112
jueves,11,5,2017,26,940,124
miercoles,20,12,2017,3022,985,1055
jueves,7,12,2017,3394,1113,1266
lunes,11,12,2017,2885,956,1083
sabado,4,11,2017,4884,,1237
viernes,20,10,2017,,,118
lunes,23,10,2017,,,1161
lunes,20,3,2017,1325,514,570
lunes,13,3,2017,285,981,1157
jueves,13,7,2017,15012,900,1187
miercoles,23,8,2017,,1088,1217
jueves,3,8,2017,,916,948
lunes,24,7,2017,,693,814
domingo,17,9,2017,,506,546
lunes,18,9,2017,,918,1009
martes,5,9,2017,,881,
jueves,7,9,2017,,896,
sabado,23,12,2017,1148,636,568
domingo,24,12,2017,620,366,308
jueves,15,9,2016,2135,835,831
martes,13,9,2016,2709,799,915
sabado,1,10,2016,1588,491,527
viernes,7,10,2016,2627,897,999
martes,4,10,2016,3122,964,1063
domingo,18,12,2016,870,425,452
viernes,4,11,2016,2704,909,1017
viernes,2,12,2016,2592,920,108
martes,30,1,2018,,940,990
lunes,8,1,2018,,1054,1154
domingo,18,2,2018,1372,884,681
martes,27,3,2018,3036,945,1204
lunes,12,3,2018,2726,2759,1153
viernes,6,4,2018,2668,883,102
miercoles,5,12,2018,3803,794,1127
viernes,30,11,2018,3608,866,1087
lunes,12,11,2018,3509,895,1257
domingo,24,11,2013,1126,,
miercoles,13,6,2018,1967,589,674
sabado,23,6,2018,1092,533,589
jueves,21,6,2018,2868,912,1047
jueves,28,6,2018,2702,867,1026
sabado,28,4,2018,1511,558,642
domingo,6,5,2018,1217,457,541
jueves,10,5,2018,2745,851,121
jueves,24,5,2018,3338,1038,1325
lunes,7,5,2018,2885,1,1241
viernes,2,11,2018,13,370,411
martes,6,11,2018,3817,904,1283
jueves,8,11,2018,3954,837,1289
viernes,5,10,2018,3247,973,1272
jueves,11,10,2018,3354,964,1196
martes,18,9,2018,3156,971,1218
sabado,8,9,2018,1744,664,701
viernes,3,8,2018,2786,809,993
martes,31,7,2018,272,911,1173
viernes,17,8,2018,2637,779,
martes,14,8,2018,188,1006,
martes,28,8,2018,2483,861,
miercoles,3,7,2019,3823,698,1224
viernes,19,7,2019,3189,799,988
martes,9,7,2019,3856,1042,1220
domingo,21,7,2019,1798,483,559
viernes,26,7,2019,2451,544,817
viernes,7,6,2019,2858,867,984
jueves,6,6,2019,2742,810,995
viernes,21,6,2019,3823,1077,1202
lunes,18,11,2013,1073,,
martes,3,12,2013,2541,,
domingo,22,12,2013,862,,
jueves,12,12,2013,2069,,
martes,11,2,2014,2309,,
domingo,2,2,2014,1141,,
martes,28,1,2014,2581,,
lunes,20,1,2014,2382,,
viernes,12,9,2014,2063,,
viernes,26,9,2014,2552,,
sabado,20,9,2014,161,,
lunes,15,9,2014,1758,,
miercoles,25,3,2015,2932,,
martes,17,3,2015,273,,
martes,24,3,2015,264,,
lunes,16,3,2015,1305,,
lunes,30,3,2015,2605,,
miercoles,8,10,2014,238,,
martes,18,11,2014,2589,,
jueves,9,10,2014,1849,,
miercoles,30,4,2014,2299,,
miercoles,14,5,2014,2546,,
sabado,10,5,2014,1041,,
martes,30,12,2014,1818,,
viernes,5,12,2014,2493,,
jueves,8,1,2015,2251,,
lunes,19,1,2015,2616,,
jueves,1,1,2015,882,,
miercoles,19,3,2014,2826,,
jueves,27,2,2014,3079,,
domingo,23,3,2014,149,,
lunes,3,3,2014,2536,,
sabado,14,2,2015,1378,,
domingo,1,2,2015,1021,,
viernes,6,2,2015,2729,,
jueves,12,2,2015,2253,,
jueves,26,2,2015,2865,,
martes,22,7,2014,2412,,
martes,8,7,2014,2401,,
lunes,14,7,2014,1983,,
sabado,18,6,2016,132,562,506
martes,12,7,2016,2484,730,758
jueves,7,7,2016,237,705,842
jueves,2,6,2016,2254,,
miercoles,11,5,2016,2023,,
domingo,29,5,2016,1395,,
lunes,30,5,2016,2518,,
miercoles,12,8,2015,2652,,
jueves,17,9,2015,1597,,
viernes,2,10,2015,2616,,
lunes,5,10,2015,2692,,
miercoles,23,12,2015,1983,,
viernes,25,12,2015,650,,
lunes,28,12,2015,1788,,
domingo,3,1,2016,939,,
domingo,15,11,2015,842,,
martes,24,11,2015,2773,,
sabado,5,12,2015,1197,,
jueves,4,2,2016,2694,,
martes,9,2,2016,2179,,
lunes,1,2,2016,1044,,
lunes,18,1,2016,25,,
miercoles,19,8,2015,2627,,
sabado,29,8,2015,1309,,
viernes,31,7,2015,2533,,
viernes,7,8,2015,2561,,
martes,14,7,2015,2823,,
miercoles,17,6,2015,2163,,
martes,16,6,2015,2708,,
martes,9,6,2015,2902,,
lunes,22,6,2015,2384,,
domingo,12,4,2015,1284,,
sabado,9,5,2015,174,,
jueves,4,6,2015,2495,,
lunes,25,5,2015,2023,,
sabado,24,9,2016,1171,569,534
martes,23,8,2016,2404,747,860
martes,16,8,2016,2359,753,819
jueves,2,5,2019,3839,1170,1295
jueves,3,1,2019,2978,655,796
domingo,13,1,2019,1733,601,685
viernes,18,1,2019,3923,554,1303
martes,26,2,2019,4034,1068,1427
viernes,1,3,2019,3885,895,1319
jueves,28,3,2019,4182,1013,1419
miercoles,24,4,2019,4214,1097,1392
jueves,10,11,2016,2245,626,676
jueves,3,11,2016,2514,834,957
miercoles,22,11,2017,3343,1166,1357
sabado,18,11,2017,1704,679,612
viernes,8,12,2017,3186,1067,1155
lunes,30,10,2017,,,1156
miercoles,7,2,2018,3408,12,1342
martes,12,6,2018,2433,886,1062
martes,15,5,2018,3426,1244,141
martes,3,7,2018,2693,826,108
lunes,2,7,2018,2572,846,1001
sabado,14,4,2018,1811,427,694
domingo,9,9,2018,1597,600,735
viernes,24,8,2018,2478,892,
jueves,30,8,2018,2803,805,
domingo,17,12,2017,985,457,425
sabado,3,2,2018,1419,643,584
domingo,28,1,2018,,510,649
viernes,14,12,2018,3518,849,1065
domingo,26,2,2017,1223,587,1004
domingo,30,4,2017,1307,558,837
martes,18,4,2017,2209,787,1007
viernes,5,5,2017,2692,969,1119
lunes,24,4,2017,2871,117,924
lunes,8,5,2017,2637,907,1114
sabado,19,8,2017,,652,512
miercoles,4,10,2017,,,1064
jueves,19,10,2017,,,1161
viernes,25,8,2017,,945,
domingo,18,11,2018,1538,519,587
domingo,2,12,2018,1729,532,619
jueves,6,12,2018,3651,964,1143
miercoles,14,12,2016,2857,974,1125
jueves,24,11,2016,2784,955,1081
jueves,29,12,2016,2124,692,622
martes,22,11,2016,276,869,1056
lunes,21,11,2016,1192,511,525
domingo,30,9,2018,1574,626,1697
jueves,27,9,2018,3261,880,678
viernes,9,11,2018,3857,655,1222
jueves,4,10,2018,288,948,1404
jueves,6,7,2017,4899,991,1107
viernes,11,8,2017,,905,1006
domingo,6,8,2017,,620,552
lunes,7,8,2017,,974,104
jueves,21,11,2013,2215,,
domingo,1,12,2013,957,,
martes,10,12,2013,264,,
lunes,23,12,2013,1502,,
jueves,15,2,2018,3375,1229,1313
jueves,8,3,2018,3404,5926,1351
viernes,9,3,2018,2787,4004,1176
sabado,24,3,2018,1746,703,844
lunes,2,4,2018,2937,996,1106
domingo,15,4,2018,1251,661,589
domingo,29,4,2018,1396,554,791
viernes,1,6,2018,2968,1052,1193
domingo,8,7,2018,1058,548,509
jueves,12,7,2018,3015,905,1095
viernes,20,7,2018,2659,851,970
sabado,4,8,2018,1327,522,516
miercoles,15,8,2018,2165,832,
lunes,17,9,2018,2663,872,1061
domingo,23,9,2018,1291,518,612
miercoles,3,10,2018,3482,1067,1273
viernes,12,10,2018,3424,1011,1231
sabado,20,10,2018,2085,472,642
martes,23,10,2018,3811,1098,1357
jueves,25,10,2018,3868,992,1282
miercoles,31,10,2018,3465,903,1225
sabado,24,11,2018,1907,639,696
domingo,9,12,2018,1505,358,579
lunes,10,12,2018,3459,814,1159
jueves,13,12,2018,3635,722,1136
viernes,13,6,2014,2439,,
miercoles,10,9,2014,2272,,
domingo,14,9,2014,997,,
jueves,11,9,2014,2198,,
viernes,5,9,2014,2289,,
sabado,30,8,2014,1355,,
domingo,24,8,2014,1136,,
viernes,22,8,2014,2427,,
sabado,19,7,2014,1392,,
sabado,26,7,2014,1629,,
jueves,7,8,2014,2237,,
lunes,28,7,2014,1638,,
lunes,4,8,2014,2187,,
domingo,2,3,2014,1145,,
viernes,2,5,2014,2358,,
martes,4,3,2014,2776,,
lunes,19,5,2014,2514,,
miercoles,6,4,2016,3052,,
sabado,26,3,2016,1155,,
lunes,28,3,2016,2562,,
viernes,10,5,2019,3246,965,1141
martes,14,5,2019,3697,1058,1293
domingo,19,5,2019,1680,549,540
viernes,31,5,2019,3606,1012,1232
miercoles,26,2,2014,2819,,
miercoles,29,1,2014,2579,,
domingo,23,2,2014,1628,,
viernes,14,2,2014,2683,,
viernes,7,2,2014,2562,,
lunes,24,2,2014,2629,,
sabado,1,3,2014,1502,,
martes,23,9,2014,2288,,
lunes,13,10,2014,2393,,
lunes,23,5,2016,2364,,
martes,7,6,2016,2706,,
jueves,9,6,2016,2811,,
domingo,3,7,2016,1074,474,579
lunes,11,7,2016,2315,616,731
jueves,14,7,2016,2739,819,851
martes,26,7,2016,2625,821,791
viernes,19,8,2016,2261,722,866
martes,30,8,2016,2925,884,1032
jueves,1,9,2016,2978,919,966
jueves,8,9,2016,299,932,997
viernes,16,9,2016,810,346,414
lunes,19,9,2016,2807,837,927
domingo,25,9,2016,1143,760,178
domingo,2,10,2016,1204,520,475
sabado,8,10,2016,1442,608,577
lunes,10,10,2016,2623,931,921
sabado,22,10,2016,1486,619,585
martes,25,10,2016,2998,1002,1148
sabado,29,10,2016,2708,819,1059
martes,1,11,2016,2583,860,1016
jueves,15,12,2016,225,784,1009
viernes,6,1,2017,2435,869,939
domingo,22,1,2017,1192,570,584
martes,28,2,2017,3238,1127,1323
jueves,2,3,2017,3201,118,1359
lunes,10,4,2017,2593,895,894
martes,11,4,2017,2569,931,849
jueves,13,4,2017,1464,530,384
jueves,8,6,2017,3016,1012,1213
jueves,15,6,2017,3002,1069,2914
miercoles,28,6,2017,2236,788,2776
sabado,1,7,2017,1327,556,913
sabado,29,7,2017,,626,504
jueves,24,8,2017,,104,607
martes,29,8,2017,,773,
miercoles,30,8,2017,,711,
lunes,4,9,2017,,794,
sabado,23,9,2017,,,648
domingo,24,9,2017,,,780
domingo,15,10,2017,,,473
lunes,6,11,2017,332,,1197
lunes,13,11,2017,3289,1039,1235
martes,21,11,2017,3175,1149,1326
viernes,24,11,2017,322,1075,1214
jueves,30,11,2017,3499,1023,1233
sabado,16,12,2017,1377,634,486
sabado,26,12,2015,939,,
sabado,16,1,2016,1265,,
lunes,4,1,2016,161,,
jueves,19,2,2015,2697,,
martes,3,2,2015,2686,,
domingo,1,3,2015,1199,,
lunes,26,1,2015,2725,,
sabado,17,1,2015,1701,,
viernes,23,1,2015,2769,,
miercoles,9,3,2016,1848,,
domingo,31,1,2016,1357,,
viernes,11,3,2016,2533,,
jueves,17,3,2016,2577,,
lunes,25,1,2016,2594,,
domingo,16,11,2014,1019,,
domingo,13,9,2015,975,,
martes,15,9,2015,2098,,
lunes,14,9,2015,213,,
domingo,21,6,2015,872,,
domingo,7,6,2015,1135,,
viernes,5,6,2015,2399,,
sabado,18,7,2015,1237,,
sabado,8,8,2015,1338,,
sabado,1,8,2015,1249,,
lunes,13,7,2015,2585,,
sabado,18,4,2015,2673,,
jueves,16,4,2015,298,,
martes,3,3,2015,3034,,
sabado,19,1,2019,2194,678,718
jueves,24,1,2019,4077,658,1223
miercoles,30,1,2019,0,716,1410
viernes,8,2,2019,3904,1003,1318
sabado,9,2,2019,2369,472,706
jueves,21,2,2019,3870,680,1432
lunes,25,3,2019,3687,780,1362
viernes,29,3,2019,4045,703,1303
miercoles,10,4,2019,4220,1170,1502
sabado,6,7,2019,1964,464,644
jueves,25,7,2019,2226,626,883
lunes,22,7,2019,3541,813,1108
domingo,28,7,2019,2099,465,597
viernes,22,11,2013,205,,
miercoles,14,9,2016,2875,917,1011
sabado,17,9,2016,1244,430,403
miercoles,28,9,2016,2028,552,631
jueves,6,10,2016,3013,917,1092
miercoles,26,10,2016,3014,1002,111
lunes,31,10,2016,2437,826,940
sabado,19,11,2016,1132,449,434
lunes,12,12,2016,2336,787,919
miercoles,28,12,2016,2116,665,667
domingo,1,1,2017,636,273,435
jueves,5,1,2017,2819,895,906
miercoles,22,2,2017,3273,1155,1335
domingo,26,3,2017,1129,548,775
domingo,7,5,2017,115,560,624
sabado,27,5,2017,156,688,663
domingo,28,5,2017,1485,556,950
viernes,2,6,2017,2992,1051,1177
jueves,22,6,2017,3366,1134,1469
domingo,25,6,2017,1286,590,1001
lunes,26,6,2017,2335,883,1129
domingo,16,7,2017,3013,600,679
martes,18,7,2017,17327,914,1111
sabado,16,9,2017,,386,426
miercoles,20,9,2017,,,121
sabado,30,9,2017,,,319
domingo,8,10,2017,,,480
miercoles,11,10,2017,,,1134
lunes,16,10,2017,,,1119
jueves,26,10,2017,,,127
miercoles,1,11,2017,3272,,1133
jueves,16,11,2017,3643,1166,1397
domingo,10,12,2017,991,526,478
lunes,1,1,2018,,184,215
viernes,12,1,2018,,1097,1218
lunes,22,1,2018,,1013,1158
viernes,2,2,2018,2956,1042,116
viernes,16,2,2018,3245,2015,1195
lunes,19,2,2018,3286,1534,1277
jueves,1,3,2018,3315,1261,1331
lunes,19,3,2018,152,549,552
martes,5,6,2018,3324,1192,1304
jueves,7,6,2018,3311,1142,136
sabado,16,6,2018,1276,536,571
domingo,1,7,2018,1249,536,577
jueves,5,7,2018,3162,973,1163
domingo,15,7,2018,113,488,570
sabado,21,7,2018,1732,646,621
sabado,11,8,2018,,607,
domingo,12,8,2018,,496,
martes,4,9,2018,3336,979,
martes,11,9,2018,2747,970,1289
sabado,22,9,2018,1714,658,766
martes,2,10,2018,3614,1079,1387
domingo,7,10,2018,1565,601,614
lunes,8,10,2018,3252,944,1276
domingo,14,10,2018,1816,638,685
lunes,22,10,2018,3472,914,1295
sabado,3,11,2018,2754,417,781
lunes,5,11,2018,3323,673,1181
viernes,16,11,2018,3658,907,1212
sabado,1,12,2018,1926,557,616
miercoles,9,7,2014,2192,,
martes,15,7,2014,2152,,
lunes,21,7,2014,2346,,
viernes,25,7,2014,2261,,
martes,29,7,2014,2242,,
martes,5,8,2014,2651,,
lunes,11,8,2014,2091,,
viernes,15,8,2014,2204,,
martes,26,8,2014,2684,,
sabado,4,10,2014,1147,,
domingo,5,10,2014,106,,
martes,21,10,2014,2473,,
martes,28,10,2014,2746,,
domingo,30,11,2014,1374,,
lunes,22,12,2014,1879,,
lunes,5,1,2015,1803,,
martes,6,1,2015,1879,,
lunes,12,1,2015,2582,,
jueves,5,2,2015,2799,,
viernes,13,2,2015,2292,,
viernes,27,2,2015,2857,,
martes,31,3,2015,2677,,
domingo,5,4,2015,1267,,
jueves,9,4,2015,2953,,
sabado,16,5,2015,1343,,
sabado,6,6,2015,1061,,
miercoles,10,6,2015,2905,,
jueves,11,6,2015,2862,,
viernes,19,6,2015,2589,,
jueves,25,6,2015,2833,,
domingo,20,9,2015,1276,,
jueves,8,10,2015,2914,,
sabado,10,10,2015,1386,,
lunes,26,10,2015,2551,,
sabado,7,11,2015,1501,,
jueves,26,11,2015,327,,
domingo,6,12,2015,800,,
domingo,6,3,2016,1055,,
sabado,19,3,2016,1331,,
miercoles,23,3,2016,2235,,
domingo,24,4,2016,1581,,
domingo,8,5,2016,879,,
sabado,21,5,2016,1379,,
jueves,16,6,2016,283,855,901
martes,19,7,2016,2878,803,837
sabado,14,12,2013,1266,,
domingo,15,12,2013,914,,
lunes,16,12,2013,2215,,
viernes,10,1,2014,2349,,
lunes,3,2,2014,1236,,
martes,7,1,2014,2062,,
jueves,9,1,2014,2203,,
sabado,8,3,2014,1838,,
martes,11,3,2014,274,,
jueves,13,3,2014,285,,
domingo,25,5,2014,1347,,
lunes,30,6,2014,1515,,
miercoles,23,4,2014,2428,,
miercoles,21,5,2014,2693,,
sabado,29,3,2014,1298,,
lunes,21,4,2014,2097,,
sabado,4,5,2019,2139,616,659
sabado,18,5,2019,1963,641,632
viernes,24,5,2019,3713,1061,1211
lunes,7,1,2019,3521,770,1202
lunes,21,1,2019,3808,982,1238
lunes,4,2,2019,1946,430,638
lunes,11,2,2019,3818,629,1435
martes,5,3,2019,3229,806,1318
martes,12,3,2019,4029,941,1392
domingo,21,4,2019,1680,527,559
domingo,30,6,2019,1758,457,639
sabado,29,6,2019,1601,565,661
martes,16,7,2019,3631,825,1139
jueves,1,8,2019,3717,945,1239
lunes,5,8,2019,2723,706,977
martes,6,8,2019,3155,950,1200
domingo,11,8,2019,1515,540,497
domingo,18,8,2019,1700,547,562
lunes,19,8,2019,3315,844,1157
miercoles,21,8,2019,3759,922,1277
lunes,26,8,2019,3438,994,1142
martes,27,8,2019,3674,975,1255
viernes,30,8,2019,3685,966,1155
lunes,2,9,2019,3655,898,1216
miercoles,4,9,2019,3881,973,1351
sabado,7,9,2019,2005,613,688
domingo,8,9,2019,1816,598,605
martes,10,9,2019,3033,826,1106
miercoles,11,9,2019,3360,851,1157
viernes,13,9,2019,3342,881,1097
martes,17,9,2019,3000,901,1084
jueves,19,9,2019,2870,763,987
domingo,22,9,2019,1784,614,662
lunes,23,9,2019,3630,923,1203
miercoles,25,9,2019,2584,843,1112
viernes,27,9,2019,3740,1034,1211
sabado,28,9,2019,1990,582,619
jueves,5,9,2019,3727,976,1290
viernes,6,9,2019,3840,953,1158
lunes,9,9,2019,3553,975,1262
jueves,12,9,2019,3586,929,1162
domingo,15,9,2019,1662,498,506
miercoles,18,9,2019,2923,795,1038
sabado,21,9,2019,2341,650,738
jueves,26,9,2019,3868,989,1251
domingo,4,8,2019,1702,530,588
viernes,9,8,2019,3199,833,1185
sabado,10,8,2019,1972,625,741
lunes,12,8,2019,3183,867,1113
martes,13,8,2019,3522,910,1204
miercoles,14,8,2019,3685,970,1244
jueves,15,8,2019,3651,885,1228
viernes,16,8,2019,3580,908,1204
sabado,17,8,2019,1990,500,619
jueves,22,8,2019,3437,878,1123
viernes,23,8,2019,3376,829,1159
sabado,24,8,2019,1957,635,714
viernes,15,6,2018,2062,623,649
viernes,13,7,2018,2332,802,973
viernes,6,7,2018,2835,871,108
jueves,14,6,2018,1465,574,593
domingo,2,9,2018,1573,504,
jueves,1,11,2018,2677,613,875
sabado,6,10,2018,1743,678,796
domingo,26,5,2019,1848,611,678
lunes,27,5,2019,3745,1067,1303
miercoles,9,4,2014,2698,,
martes,29,4,2014,244,,
lunes,31,3,2014,2519,,
viernes,18,7,2014,1963,,
sabado,2,8,2014,1503,,
miercoles,22,10,2014,2385,,
martes,9,9,2014,2174,,
lunes,8,9,2014,1967,,
jueves,23,10,2014,2729,,
jueves,2,10,2014,2434,,
miercoles,12,11,2014,2679,,
sabado,1,11,2014,1529,,
martes,2,12,2014,2652,,
viernes,27,3,2015,2541,,
martes,10,3,2015,2827,,
jueves,29,1,2015,2856,,
miercoles,3,12,2014,2664,,
lunes,29,12,2014,1829,,
domingo,11,1,2015,1338,,
viernes,2,1,2015,1473,,
viernes,5,8,2016,2443,747,778
viernes,29,7,2016,1418,766,816
miercoles,20,7,2016,2809,837,863
viernes,22,7,2016,2216,653,703
viernes,29,4,2016,2763,,
jueves,18,8,2016,2848,827,921
miercoles,9,1,2019,3730,964,1415
viernes,11,1,2019,3846,964,1451
domingo,20,1,2019,1949,376,615
martes,1,1,2019,1406,242,290
lunes,13,1,2014,2255,,
miercoles,19,2,2014,3107,,
sabado,8,2,2014,1492,,
martes,18,2,2014,2713,,
martes,25,2,2014,2809,,
lunes,10,2,2014,265,,
miercoles,25,1,2017,3198,1096,1279
miercoles,18,1,2017,2976,1072,1182
domingo,5,2,2017,1199,531,609
martes,7,2,2017,3114,1093,1233
sabado,11,3,2017,1557,636,667
miercoles,14,2,2018,3519,1306,1383
miercoles,21,3,2018,3023,1109,131
martes,27,2,2018,3299,1275,1389
sabado,17,3,2018,1627,689,622
martes,6,3,2018,3312,3102,1457
viernes,30,9,2016,2538,791,815
domingo,6,11,2016,1103,597,474
sabado,25,11,2017,1434,675,656
lunes,20,11,2017,1781,563,555
viernes,15,12,2017,2749,993,1014
lunes,12,2,2018,3276,1607,1202
jueves,11,1,2018,,1134,1227
domingo,27,11,2016,1009,494,563
sabado,26,11,2016,1302,616,568
domingo,11,12,2016,963,408,393
viernes,9,12,2016,2622,884,1002
lunes,28,11,2016,2659,887,1076
martes,17,4,2018,337,1141,1461
domingo,8,4,2018,1387,561,609
martes,3,4,2018,299,1103,1206
jueves,4,5,2017,2703,944,116
martes,9,5,2017,3073,1177,1327
lunes,1,5,2017,1228,563,573
sabado,24,6,2017,1161,664,692
domingo,18,6,2017,968,607,618
domingo,21,5,2017,136,561,783
viernes,9,6,2017,2965,1119,2132
lunes,29,5,2017,2778,992,1228
martes,11,7,2017,10391,819,839
lunes,17,7,2017,1061,926,1077
viernes,4,8,2017,,897,985
domingo,12,11,2017,1304,576,600
viernes,3,11,2017,2949,,109
jueves,2,11,2017,2331,,869
domingo,29,10,2017,,,1287
martes,3,10,2017,,,11
sabado,31,3,2018,136,490,439
viernes,30,3,2018,1341,376,504
jueves,22,3,2018,3224,938,1346
domingo,20,5,2018,1181,553,620
viernes,11,5,2018,3123,108,1322
lunes,21,5,2018,2804,903,1115
miercoles,6,5,2015,2463,,
domingo,26,4,2015,1445,,
domingo,31,5,2015,1143,,
sabado,31,10,2015,2239,,
lunes,7,12,2015,253,,
domingo,24,1,2016,1024,,
viernes,1,1,2016,708,,
sabado,2,1,2016,988,,
miercoles,13,4,2016,3096,,
miercoles,20,4,2016,2029,,
viernes,25,3,2016,1376,,
jueves,7,4,2016,3014,,
jueves,3,9,2015,1613,,
martes,6,10,2015,2969,,
domingo,26,7,2015,1449,,
viernes,3,7,2015,2294,,
jueves,6,8,2015,276,,
martes,28,7,2015,2776,,
miercoles,17,2,2016,2588,,
domingo,28,2,2016,1701,,
viernes,26,2,2016,3048,,
martes,8,3,2016,2406,,
miercoles,25,6,2014,1485,,
martes,10,6,2014,2337,,
martes,17,6,2014,1933,,
sabado,5,7,2014,1109,,
sabado,17,5,2014,1679,,
sabado,3,5,2014,1333,,
viernes,9,5,2014,2511,,
jueves,15,5,2014,2743,,
jueves,8,5,2014,2192,,
martes,7,5,2019,4040,1158,1455
miercoles,6,2,2019,4102,1050,1419
viernes,15,2,2019,3818,753,1304
viernes,22,2,2019,3830,930,1422
jueves,14,2,2019,4149,1048,1461
viernes,25,1,2019,4170,887,1361
miercoles,13,3,2019,4051,1018,1499
miercoles,3,4,2019,4192,1094,1457
viernes,5,4,2019,4077,1107,1346
domingo,16,6,2019,1634,263,551
jueves,20,6,2019,3690,898,1287
domingo,23,6,2019,1494,598,578
viernes,17,5,2019,3141,830,919
domingo,12,5,2019,2055,575,642
lunes,20,5,2019,3642,1078,1288
jueves,10,1,2019,3835,719,1422
sabado,26,1,2019,2340,432,740
miercoles,13,2,2019,3187,685,1247
miercoles,20,2,2019,4030,920,1429
domingo,24,2,2019,1785,579,673
sabado,16,3,2019,2120,573,704
domingo,24,3,2019,1997,592,592
sabado,30,3,2019,2349,654,921
domingo,19,1,2014,1107,,
martes,21,1,2014,2503,,
jueves,2,1,2014,138,,
sabado,22,2,2014,1571,,
sabado,1,2,2014,1369,,
jueves,13,2,2014,2696,,
viernes,31,1,2014,2653,,
domingo,30,3,2014,990,,
viernes,21,3,2014,2924,,
martes,18,3,2014,2873,,
viernes,4,4,2014,2716,,
jueves,3,4,2014,3043,,
jueves,10,4,2014,2773,,
martes,16,9,2014,988,,
miercoles,6,8,2014,256,,
miercoles,2,7,2014,2098,,
viernes,1,8,2014,2375,,
jueves,14,8,2014,2166,,
viernes,4,7,2014,1835,,
miercoles,17,12,2014,2521,,
jueves,6,11,2014,2865,,
martes,6,5,2014,2637,,
viernes,31,10,2014,2745,,
viernes,3,10,2014,204,,
sabado,28,3,2015,1168,,
viernes,20,3,2015,2805,,
sabado,28,2,2015,1515,,
jueves,5,3,2015,2888,,
miercoles,15,4,2015,2998,,
miercoles,8,4,2015,2995,,
jueves,30,4,2015,2568,,
domingo,10,5,2015,984,,
martes,26,5,2015,2825,,
lunes,18,5,2015,2609,,
miercoles,16,9,2015,738,,
viernes,18,9,2015,2064,,
domingo,27,9,2015,1078,,
viernes,4,9,2015,2134,,
martes,1,9,2015,2487,,
lunes,10,8,2015,263,,
viernes,20,11,2015,2735,,
domingo,8,11,2015,896,,
sabado,11,7,2015,14,,
domingo,14,6,2015,989,,
jueves,28,5,2015,2112,,
lunes,15,6,2015,2401,,
domingo,11,10,2015,1264,,
martes,13,10,2015,2891,,
lunes,12,10,2015,2751,,
domingo,24,7,2016,934,436,450
domingo,19,6,2016,846,471,394
miercoles,25,5,2016,2788,,
sabado,28,5,2016,1494,,
domingo,5,6,2016,941,,
viernes,11,12,2015,2571,,
domingo,27,12,2015,1037,,
martes,22,12,2015,2294,,
lunes,21,12,2015,2207,,
viernes,15,1,2016,2489,,
miercoles,27,4,2016,3024,,
domingo,17,4,2016,1116,,
sabado,16,4,2016,2285,,
miercoles,30,3,2016,2774,,
domingo,27,3,2016,1293,,
domingo,20,3,2016,947,,
sabado,9,4,2016,1258,,
viernes,1,4,2016,2723,,
domingo,14,2,2016,1731,,
viernes,22,1,2016,2565,,
miercoles,17,8,2016,2739,736,824
domingo,19,2,2017,111,512,552
miercoles,4,1,2017,249,937,954
jueves,23,2,2017,3268,1166,1319
viernes,27,1,2017,3025,1051,1206
sabado,21,1,2017,1456,691,627
miercoles,3,5,2017,3084,1151,1364
domingo,2,7,2017,971,579,2794
domingo,9,7,2017,924,493,595
miercoles,8,11,2017,3558,854,1327
viernes,17,11,2017,3539,1107,1294
jueves,23,11,2017,3378,1118,1273
domingo,2,4,2017,1266,596,546
miercoles,12,7,2017,7191,886,910
miercoles,26,7,2017,,849,990
martes,25,7,2017,,773,917
viernes,29,9,2017,,,883
lunes,25,9,2017,,,971
viernes,6,10,2017,,,1063
lunes,9,10,2017,,,11
sabado,3,9,2016,1261,743,603
domingo,4,9,2016,1142,370,428
viernes,9,2,2018,2666,916,1063
lunes,5,2,2018,1281,569,595
miercoles,24,1,2018,,923,1006
miercoles,21,2,2018,3321,3611,1368
sabado,24,2,2018,1652,4752,884
domingo,18,3,2018,1254,640,632
viernes,16,3,2018,3062,988,1246
miercoles,11,4,2018,2957,1042,1215
domingo,22,4,2018,1285,598,620
martes,24,4,2018,3175,922,1297
jueves,22,11,2018,3954,1007,1267
martes,19,11,2013,1344,,
viernes,6,12,2013,2481,,
miercoles,20,6,2018,2981,1006,1191
domingo,27,5,2018,1512,590,718
miercoles,23,5,2018,3162,960,1336
lunes,14,5,2018,3216,886,1292
miercoles,10,10,2018,2614,775,1332
domingo,4,11,2018,1281,400,506
martes,30,10,2018,3446,917,1222
sabado,15,9,2018,1495,539,587
viernes,21,9,2018,3377,1017,1291
viernes,28,9,2018,3203,977,124
domingo,16,9,2018,115,372,598
martes,25,9,2018,314,767,1295
lunes,24,9,2018,313,1055,1228
jueves,6,9,2018,3031,892,797
sabado,1,9,2018,1821,656,
miercoles,29,8,2018,297,859,
miercoles,31,7,2019,3549,955,1216
lunes,3,6,2019,3733,1046,1327
miercoles,26,6,2019,3747,796,1158
sabado,16,11,2013,613,,
sabado,30,11,2013,127,,
lunes,1,9,2014,1809,,
martes,19,8,2014,221,,
lunes,25,8,2014,2371,,
jueves,19,3,2015,2825,,
miercoles,15,10,2014,2594,,
domingo,23,11,2014,1184,,
lunes,10,11,2014,2593,,
viernes,24,10,2014,2452,,
miercoles,11,6,2014,2277,,
viernes,25,4,2014,2661,,
domingo,8,6,2014,852,,
lunes,9,6,2014,2295,,
lunes,2,6,2014,2425,,
sabado,13,12,2014,1191,,
jueves,11,12,2014,2437,,
domingo,25,1,2015,1477,,
domingo,6,4,2014,123,,
jueves,17,4,2014,1486,,
domingo,22,2,2015,1377,,
lunes,9,2,2015,2061,,
sabado,21,6,2014,1082,,
viernes,27,6,2014,2383,,
jueves,31,7,2014,2729,,
miercoles,22,6,2016,2739,865,918
sabado,5,3,2016,2947,,
sabado,19,9,2015,1496,,
miercoles,14,10,2015,2695,,
domingo,4,10,2015,1157,,
jueves,15,10,2015,2885,,
lunes,19,10,2015,2542,,
sabado,12,12,2015,123,,
domingo,20,12,2015,875,,
viernes,8,1,2016,2417,,
martes,10,11,2015,2972,,
martes,3,11,2015,2626,,
lunes,16,11,2015,1125,,
sabado,24,10,2015,1509,,
miercoles,25,11,2015,2783,,
miercoles,2,12,2015,2777,,
sabado,28,11,2015,1419,,
lunes,30,11,2015,2706,,
miercoles,27,1,2016,2907,,
sabado,6,2,2016,1365,,
sabado,15,8,2015,1316,,
lunes,27,7,2015,2396,,
miercoles,24,6,2015,279,,
domingo,5,7,2015,116,,
jueves,9,7,2015,2402,,
lunes,6,7,2015,2246,,
viernes,1,5,2015,1304,,
viernes,8,5,2015,2474,,
lunes,8,6,2015,2762,,
viernes,23,9,2016,2374,813,821
miercoles,15,5,2019,3382,944,1169
miercoles,29,5,2019,4154,1040,1434
miercoles,8,5,2019,4125,1109,1481
martes,21,5,2019,3729,1083,1379
domingo,6,1,2019,1553,328,526
martes,8,1,2019,3648,618,1245
lunes,14,1,2019,3600,581,1293
miercoles,6,3,2019,3917,992,1427
martes,26,3,2019,4372,1011,1422
viernes,26,4,2019,3647,1027,1250
jueves,17,11,2016,2681,839,1017
viernes,14,10,2016,2786,960,976
domingo,23,10,2016,114,507,478
lunes,17,10,2016,268,922,952
miercoles,29,11,2017,3473,1089,1237
jueves,14,12,2017,3004,951,1065
martes,14,11,2017,3455,1144,1361
viernes,1,12,2017,3165,1041,111
jueves,9,11,2017,346,1109,1229
lunes,4,12,2017,3164,1094,1192
miercoles,14,3,2018,2789,936,1259
domingo,11,2,2018,1373,778,656
domingo,4,2,2018,1251,553,602
sabado,10,3,2018,1828,4874,676
martes,6,2,2018,3213,1125,1273
sabado,3,3,2018,1628,108,650
miercoles,16,5,2018,3352,963,1361
lunes,16,7,2018,2708,863,998
jueves,15,3,2018,2978,891,1219
jueves,29,3,2018,1834,559,700
domingo,13,5,2018,1294,588,604
sabado,5,5,2018,1673,546,574
domingo,29,7,2018,1878,562,719
lunes,3,9,2018,3009,952,
martes,21,8,2018,2931,874,
lunes,27,8,2018,2425,773,
jueves,9,8,2018,,928,
jueves,1,2,2018,280,1088,12
sabado,30,12,2017,,489,407
miercoles,10,1,2018,,1105,1171
viernes,5,1,2018,,982,933
miercoles,11,1,2017,2949,993,1159
miercoles,8,3,2017,309,1141,1297
jueves,16,2,2017,3171,1111,1278
sabado,4,3,2017,1468,670,629
jueves,23,3,2017,3235,1073,13
lunes,9,1,2017,276,948,1028
miercoles,12,4,2017,2537,838,688
miercoles,5,4,2017,3192,1107,1251
sabado,29,4,2017,1567,703,624
viernes,30,6,2017,2564,928,164
domingo,14,5,2017,1226,600,678
domingo,4,6,2017,1183,588,634
martes,16,5,2017,3159,1133,1411
miercoles,18,10,2017,,,1176
viernes,13,10,2017,,,1119
viernes,23,11,2018,3915,933,1232
sabado,7,1,2017,1269,672,530
domingo,21,10,2018,1523,514,621
sabado,13,10,2018,2045,645,712
viernes,14,7,2017,7291,1007,1041
jueves,10,8,2017,,551,595
viernes,28,7,2017,,932,971
domingo,14,7,2019,1680,450,532
domingo,2,6,2019,1734,636,521
sabado,21,12,2013,1121,,
lunes,25,11,2013,2165,,
sabado,13,1,2018,,649,612
domingo,14,1,2018,,594,617
jueves,18,1,2018,,1082,1143
martes,23,1,2018,,118,1282
miercoles,28,3,2018,2926,863,1106
sabado,7,4,2018,1682,722,692
jueves,17,5,2018,3333,11,1374
sabado,26,5,2018,1626,693,701
lunes,28,5,2018,3145,1038,1298
miercoles,30,5,2018,3398,1203,1306
sabado,2,6,2018,1514,681,644
lunes,9,7,2018,2402,839,1032
domingo,22,7,2018,1428,588,644
viernes,19,10,2018,2753,927,1282
miercoles,24,10,2018,3853,1037,144
domingo,28,10,2018,1794,648,1289
sabado,10,11,2018,2133,577,717
domingo,25,11,2018,178,476,656
domingo,16,12,2018,1473,532,549
miercoles,16,7,2014,1974,,
miercoles,4,6,2014,2407,,
domingo,22,6,2014,1107,,
sabado,14,6,2014,166,,
jueves,3,7,2014,2331,,
viernes,19,9,2014,2149,,
lunes,22,9,2014,1879,,
jueves,4,9,2014,1849,,
jueves,17,7,2014,181,,
viernes,28,3,2014,278,,
domingo,11,5,2014,135,,
lunes,28,4,2014,2524,,
viernes,18,3,2016,2653,,
jueves,16,5,2019,2840,837,951
jueves,23,5,2019,3855,883,1298
jueves,30,5,2019,4048,1049,1363
jueves,20,2,2014,2789,,
sabado,18,1,2014,1483,,
viernes,24,1,2014,2446,,
viernes,14,11,2014,2147,,
domingo,2,11,2014,1005,,
martes,7,10,2014,2691,,
viernes,22,4,2016,2148,,
sabado,30,4,2016,1396,,
miercoles,18,5,2016,2807,,
viernes,20,5,2016,2653,,
martes,24,5,2016,2554,,
lunes,6,6,2016,2684,,
miercoles,8,6,2016,2769,,
domingo,12,6,2016,945,,
miercoles,15,6,2016,2909,864,993
martes,21,6,2016,2671,791,884
viernes,24,6,2016,2716,762,853
sabado,25,6,2016,1087,479,438
lunes,27,6,2016,2315,729,737
miercoles,6,7,2016,2805,747,803
viernes,8,7,2016,268,779,790
viernes,15,7,2016,2699,844,824
sabado,16,7,2016,1223,533,437
jueves,28,7,2016,2577,753,833
domingo,31,7,2016,1479,467,1396
jueves,4,8,2016,2853,813,867
miercoles,10,8,2016,2804,795,914
sabado,20,8,2016,1192,524,430
sabado,27,8,2016,1292,504,505
lunes,5,9,2016,2543,673,808
jueves,22,9,2016,3505,1118,1216
martes,27,9,2016,2691,770,924
domingo,30,10,2016,1057,647,1214
miercoles,16,11,2016,1988,585,655
domingo,20,11,2016,921,392,473
miercoles,23,11,2016,2764,1005,1128
lunes,19,12,2016,2538,801,864
lunes,16,1,2017,2948,1023,1077
jueves,26,1,2017,3178,1077,125
sabado,28,1,2017,1604,648,676
jueves,9,2,2017,3187,1089,1273
sabado,11,2,2017,1599,818,841
martes,14,2,2017,3191,1137,1304
viernes,24,2,2017,309,1113,1218
martes,7,3,2017,3248,1103,1382
jueves,9,3,2017,289,972,1298
jueves,16,3,2017,2617,903,1138
sabado,18,3,2017,1432,604,592
jueves,27,4,2017,3281,1117,928
miercoles,10,5,2017,2681,928,111
martes,6,6,2017,2869,989,1267
domingo,11,6,2017,1193,624,774
martes,13,6,2017,2779,987,1298
sabado,17,6,2017,1538,749,714
viernes,23,6,2017,3111,1128,1317
martes,1,8,2017,,1019,1103
miercoles,2,8,2017,,1049,1125
martes,22,8,2017,,1111,1054
viernes,22,9,2017,,,978
sabado,7,10,2017,,,574
martes,10,10,2017,,,1262
sabado,14,10,2017,,,607
viernes,10,11,2017,3449,1132,1287
lunes,18,12,2017,2868,922,101
domingo,25,10,2015,1192,,
miercoles,18,2,2015,2767,,
miercoles,25,2,2015,2922,,
martes,17,2,2015,2674,,
sabado,31,1,2015,1383,,
jueves,25,12,2014,649,,
domingo,18,1,2015,129,,
sabado,24,1,2015,147,,
domingo,21,2,2016,1083,,
miercoles,10,12,2014,242,,
jueves,27,11,2014,2475,,
martes,9,12,2014,2569,,
sabado,5,9,2015,1331,,
lunes,21,9,2015,2591,,
lunes,7,9,2015,2619,,
sabado,3,10,2015,14,,
martes,20,10,2015,2909,,
sabado,20,6,2015,1323,,
sabado,30,5,2015,1024,,
martes,7,7,2015,2681,,
miercoles,20,5,2015,2598,,
sabado,25,4,2015,16,,
martes,28,4,2015,3031,,
martes,19,5,2015,2559,,
martes,12,5,2015,161,,
martes,5,5,2015,2171,,
martes,11,8,2015,2478,,
jueves,20,8,2015,2641,,
martes,21,7,2015,2592,,
martes,14,4,2015,2915,,
lunes,13,4,2015,2858,,
martes,7,4,2015,2915,,
miercoles,16,1,2019,3981,636,1422
jueves,17,1,2019,3973,824,1309
jueves,28,2,2019,4114,1041,1413
sabado,2,3,2019,2229,644,684
martes,19,3,2019,3773,1026,1343
lunes,8,4,2019,3574,918,1252
sabado,27,4,2019,2046,626,684
miercoles,17,7,2019,3809,840,1231
sabado,13,7,2019,1797,474,496
viernes,12,7,2019,3192,588,952
martes,30,7,2019,3658,988,1230
miercoles,20,11,2013,2394,,
sabado,13,8,2016,1423,535,519
domingo,21,8,2016,976,442,389
lunes,26,9,2016,2842,785,852
martes,18,10,2016,2919,1003,1121
miercoles,2,11,2016,1616,619,696
lunes,14,11,2016,2697,801,961
martes,15,11,2016,2751,874,104
miercoles,30,11,2016,2973,951,1155
martes,6,12,2016,2916,952,1196
martes,3,1,2017,2441,849,896
martes,10,1,2017,3266,950,116
martes,24,1,2017,3146,1131,1318
lunes,30,1,2017,29,107,1192
jueves,2,2,2017,3105,1093,1161
viernes,17,2,2017,3031,1081,1159
sabado,18,2,2017,1545,699,669
martes,21,2,2017,3283,1151,1306
lunes,27,2,2017,2954,1047,1233
viernes,17,3,2017,2978,941,1109
viernes,31,3,2017,3094,1076,111
lunes,3,4,2017,291,1033,880
viernes,14,4,2017,1465,360,335
martes,25,4,2017,3247,1143,1113
martes,2,5,2017,2896,1058,1269
miercoles,17,5,2017,3243,1178,1365
viernes,19,5,2017,3112,1107,1242
miercoles,21,6,2017,3115,115,1402
sabado,12,8,2017,,672,564
miercoles,16,8,2017,,1028,1027
viernes,18,8,2017,,873,877
sabado,2,9,2017,,596,
viernes,8,9,2017,,887,
jueves,14,9,2017,,1004,1159
viernes,15,9,2017,,915,931
lunes,2,10,2017,,,1002
jueves,5,10,2017,,,1209
sabado,21,10,2017,,,620
viernes,27,10,2017,,,117
sabado,9,12,2017,1453,603,581
miercoles,3,1,2018,,889,864
viernes,2,3,2018,3353,1393,1202
martes,13,3,2018,3266,1711,1368
miercoles,4,4,2018,2712,954,1149
sabado,21,4,2018,2426,948,965
jueves,3,5,2018,3179,1028,1335
domingo,3,6,2018,1319,550,587
viernes,8,6,2018,2933,1044,1212
domingo,17,6,2018,1248,417,459
lunes,25,6,2018,269,924,1053
miercoles,27,6,2018,3039,937,1138
miercoles,4,7,2018,3108,977,1058
martes,17,7,2018,2871,891,1094
sabado,28,7,2018,1567,544,536
lunes,30,7,2018,2976,936,1105
sabado,18,8,2018,159,612,
miercoles,5,9,2018,3288,104,
miercoles,12,9,2018,2775,843,1201
miercoles,26,9,2018,3018,955,1339
martes,9,10,2018,3355,989,1367
jueves,15,11,2018,3417,765,1095
miercoles,21,11,2018,3963,803,1305
martes,27,11,2018,3808,822,1311
sabado,15,12,2018,1897,386,655
martes,1,7,2014,2702,,
jueves,10,7,2014,2219,,
domingo,20,7,2014,1249,,
jueves,24,7,2014,2339,,
sabado,23,8,2014,1221,,
domingo,12,10,2014,1016,,
lunes,3,11,2014,2466,,
miercoles,5,11,2014,2463,,
lunes,17,11,2014,12,,
sabado,6,12,2014,1324,,
lunes,8,12,2014,2329,,
domingo,4,1,2015,1221,,
miercoles,7,1,2015,2321,,
sabado,10,1,2015,1479,,
martes,10,2,2015,2243,,
sabado,21,2,2015,1584,,
martes,24,2,2015,2959,,
miercoles,11,3,2015,221,,
viernes,13,3,2015,2581,,
sabado,14,3,2015,1131,,
lunes,27,4,2015,2859,,
domingo,3,5,2015,1146,,
miercoles,27,5,2015,2342,,
martes,30,6,2015,1947,,
miercoles,8,7,2015,2651,,
domingo,12,7,2015,1143,,
jueves,13,8,2015,2303,,
domingo,16,8,2015,1278,,
martes,18,8,2015,2528,,
martes,8,9,2015,2674,,
viernes,11,9,2015,2758,,
sabado,12,9,2015,133,,
martes,22,9,2015,308,,
lunes,23,11,2015,2669,,
jueves,10,12,2015,2728,,
domingo,13,12,2015,845,,
miercoles,16,12,2015,2762,,
martes,29,12,2015,2164,,
miercoles,3,2,2016,2692,,
martes,22,3,2016,2368,,
viernes,8,4,2016,2841,,
domingo,10,4,2016,1161,,
lunes,18,4,2016,2433,,
domingo,1,5,2016,2391,,
viernes,13,5,2016,2725,,
domingo,15,5,2016,887,,
viernes,3,6,2016,2497,,
miercoles,29,6,2016,2261,722,731
sabado,30,7,2016,1471,505,405
miercoles,3,8,2016,2849,810,796
miercoles,25,12,2013,475,,
viernes,20,12,2013,2079,,
sabado,7,12,2013,1253,,
domingo,8,12,2013,1068,,
miercoles,22,1,2014,2515,,
domingo,16,2,2014,1373,,
lunes,6,1,2014,1838,,
sabado,15,3,2014,1694,,
viernes,14,3,2014,2714,,
lunes,17,3,2014,1425,,
domingo,15,6,2014,1067,,
sabado,7,6,2014,1256,,
miercoles,2,4,2014,2635,,
viernes,11,4,2014,2747,,
jueves,27,3,2014,2879,,
jueves,22,5,2014,2355,,
lunes,7,4,2014,2457,,
jueves,9,5,2019,3900,1191,1468
miercoles,2,1,2019,2665,575,747
miercoles,23,1,2019,3893,939,1392
martes,29,1,2019,1038,1014,1431
viernes,1,2,2019,3927,668,1313
sabado,2,2,2019,2241,643,725
viernes,22,3,2019,3906,941,1345
miercoles,19,6,2019,3897,1051,1267
viernes,5,7,2019,3822,929,1225
lunes,8,7,2019,2588,819,962
miercoles,4,12,2013,2597,,
sabado,23,11,2013,1668,,
miercoles,11,7,2018,2705,880,1082
domingo,24,6,2018,2196,497,992
sabado,9,6,2018,1517,563,640
jueves,2,8,2018,2611,996,1126
jueves,26,7,2018,2999,847,1064
miercoles,22,8,2018,2867,929,
domingo,19,8,2018,1373,496,
jueves,23,8,2018,3038,860,
viernes,10,8,2018,,853,
jueves,29,11,2018,3496,731,1131
lunes,19,11,2018,1883,391,577
martes,16,10,2018,3322,104,131
lunes,1,10,2018,3264,1035,1357
miercoles,5,3,2014,2884,,
sabado,26,4,2014,1357,,
martes,15,4,2014,1858,,
jueves,24,4,2014,2626,,
miercoles,23,7,2014,1997,,
martes,12,8,2014,1824,,
jueves,28,8,2014,2928,,
domingo,27,7,2014,1356,,
miercoles,24,9,2014,2417,,
sabado,27,9,2014,1657,,
domingo,28,9,2014,146,,
jueves,20,11,2014,2325,,
martes,4,11,2014,2688,,
lunes,1,12,2014,2177,,
miercoles,21,1,2015,2874,,
domingo,8,3,2015,1257,,
viernes,3,4,2015,1526,,
lunes,9,3,2015,2822,,
miercoles,31,12,2014,1351,,
martes,23,12,2014,1976,,
martes,20,1,2015,2908,,
lunes,1,8,2016,225,687,707
sabado,4,6,2016,1349,,
viernes,27,5,2016,2454,,
lunes,9,5,2016,2615,,
miercoles,24,8,2016,1914,667,734
domingo,14,8,2016,1105,501,550
viernes,13,12,2013,2222,,
martes,31,12,2013,1554,,
miercoles,8,1,2014,2257,,
domingo,12,1,2014,1225,,
jueves,16,1,2014,2271,,
martes,13,12,2016,2847,954,1126
sabado,4,2,2017,1428,608,599
jueves,12,1,2017,2975,1039,1154
lunes,2,1,2017,206,677,722
miercoles,15,2,2017,321,1137,1291
miercoles,15,3,2017,2339,741,930
sabado,25,2,2017,1559,672,652
martes,13,2,2018,3575,1263,1352
domingo,11,3,2018,1449,306,674
martes,20,3,2018,3094,980,1295
lunes,3,10,2016,3473,937,960
miercoles,13,12,2017,3133,1028,1144
domingo,26,11,2017,1242,538,1386
sabado,2,12,2017,1528,652,549
lunes,27,11,2017,3214,1046,1191
lunes,25,12,2017,675,220,218
viernes,29,12,2017,,737,587
sabado,10,12,2016,1291,554,541
sabado,3,12,2016,1496,538,560
miercoles,29,3,2017,319,115,1363
martes,4,4,2017,3242,1164,1161
martes,23,5,2017,3107,111,1366
lunes,19,6,2017,2958,1015,128
viernes,7,7,2017,5854,881,996
domingo,30,7,2017,,590,899
martes,8,8,2017,,1068,1203
sabado,11,11,2017,1794,703,665
martes,7,11,2017,3605,,129
martes,31,10,2017,1915,,1153
sabado,9,9,2017,,455,261
martes,19,9,2017,,383,661
miercoles,9,8,2017,,932,103
jueves,21,9,2017,,,1107
domingo,3,9,2017,,591,
domingo,1,4,2018,1438,523,548
miercoles,2,5,2018,3125,987,1259
sabado,19,5,2018,1428,634,576
miercoles,22,4,2015,2864,,
martes,21,4,2015,2992,,
martes,2,6,2015,274,,
miercoles,30,12,2015,1878,,
sabado,17,10,2015,1218,,
lunes,14,12,2015,2492,,
jueves,5,11,2015,3002,,
viernes,5,2,2016,2627,,
domingo,7,2,2016,941,,
sabado,23,1,2016,1237,,
sabado,30,1,2016,11,,
jueves,31,3,2016,3123,,
domingo,3,4,2016,114,,
miercoles,23,9,2015,285,,
jueves,10,9,2015,282,,
viernes,16,10,2015,2632,,
viernes,9,10,2015,2837,,
miercoles,22,7,2015,2323,,
miercoles,15,7,2015,2717,,
domingo,19,7,2015,1004,,
miercoles,10,2,2016,2127,,
miercoles,24,2,2016,3311,,
viernes,12,2,2016,2284,,
martes,1,3,2016,2852,,
miercoles,18,6,2014,1775,,
jueves,19,6,2014,1683,,
domingo,6,7,2014,933,,
lunes,16,6,2014,1833,,
jueves,5,6,2014,2352,,
domingo,18,5,2014,1353,,
domingo,1,6,2014,1264,,
lunes,5,5,2014,2313,,
domingo,5,5,2019,2250,683,598
sabado,16,2,2019,2269,598,736
viernes,12,4,2019,4289,1145,1339
domingo,14,4,2019,1767,555,599
jueves,25,4,2019,4239,1075,1379
martes,30,4,2019,3618,1089,1373
viernes,14,6,2019,3672,934,1197
lunes,29,7,2019,3305,859,1109
martes,4,6,2019,3533,1069,1237
lunes,6,5,2019,3847,1131,1337
miercoles,22,5,2019,3891,1067,1320
domingo,10,3,2019,1943,546,662
jueves,14,3,2019,4184,976,1361
lunes,18,3,2019,1953,456,629
jueves,21,3,2019,4034,1063,1388
sabado,23,3,2019,2474,665,723
martes,16,4,2019,3738,975,1228
lunes,29,4,2019,3397,980,1304
martes,24,12,2013,1046,,
sabado,11,1,2014,13,,
sabado,15,2,2014,1574,,
viernes,28,2,2014,2889,,
lunes,27,1,2014,24,,
miercoles,16,4,2014,2073,,
martes,8,4,2014,2625,,
miercoles,13,8,2014,1857,,
sabado,16,8,2014,1472,,
domingo,13,7,2014,801,,
viernes,12,12,2014,2082,,
domingo,14,12,2014,976,,
martes,11,11,2014,2265,,
martes,25,11,2014,2643,,
viernes,16,5,2014,2592,,
martes,20,5,2014,2805,,
jueves,1,5,2014,1433,,
martes,30,9,2014,2284,,
sabado,18,10,2014,1093,,
lunes,27,10,2014,2562,,
jueves,26,3,2015,3012,,
viernes,20,2,2015,2783,,
domingo,15,2,2015,11,,
viernes,9,1,2015,2229,,
viernes,6,3,2015,2586,,
miercoles,13,5,2015,2068,,
lunes,4,5,2015,1976,,
miercoles,30,9,2015,2468,,
domingo,6,9,2015,103,,
miercoles,5,8,2015,2593,,
domingo,30,8,2015,138,,
domingo,23,8,2015,1102,,
martes,4,8,2015,2667,,
lunes,31,8,2015,2494,,
viernes,13,11,2015,2679,,
sabado,14,11,2015,1121,,
martes,17,11,2015,2734,,
martes,1,12,2015,2942,,
lunes,9,11,2015,2788,,
lunes,2,11,2015,1705,,
viernes,17,7,2015,2666,,
sabado,4,7,2015,1131,,
jueves,16,7,2015,2844,,
domingo,1,11,2015,1033,,
jueves,29,10,2015,2951,,
martes,27,10,2015,2473,,
jueves,11,8,2016,2906,811,897
domingo,17,7,2016,988,413,457
martes,2,8,2016,2262,688,733
martes,5,7,2016,2574,747,801
sabado,2,7,2016,1205,438,429
jueves,23,6,2016,2802,841,956
martes,31,5,2016,2647,,
martes,8,12,2015,2506,,
domingo,10,1,2016,107,,
jueves,14,1,2016,2557,,
martes,5,1,2016,2327,,
martes,19,4,2016,2397,,
sabado,14,5,2016,1407,,
martes,10,5,2016,2457,,
lunes,25,4,2016,2775,,
lunes,2,5,2016,2729,,
viernes,15,4,2016,2968,,
lunes,11,4,2016,2926,,
martes,23,2,2016,2709,,
martes,16,2,2016,2427,,
jueves,28,1,2016,2681,,
miercoles,31,8,2016,2976,972,103
domingo,28,8,2016,1149,531,913
viernes,20,1,2017,2917,1035,1169
jueves,1,6,2017,2937,1002,1245
miercoles,6,12,2017,335,1152,1288
viernes,10,3,2017,2787,926,1152
domingo,12,3,2017,956,473,529
jueves,30,3,2017,3303,1135,1161
sabado,1,4,2017,1565,650,543
lunes,17,4,2017,2323,840,657
jueves,6,4,2017,2765,929,899
lunes,6,3,2017,2992,1093,1199
jueves,17,8,2017,,921,967
sabado,5,8,2017,,672,572
lunes,14,8,2017,,916,1046
miercoles,27,9,2017,,,859
miercoles,6,9,2017,,802,
jueves,21,12,2017,2767,948,974
jueves,4,1,2018,,936,938
miercoles,7,9,2016,2931,840,990
miercoles,19,10,2016,2933,1018,1105
martes,11,10,2016,2759,969,1086
miercoles,7,12,2016,3034,978,1119
viernes,18,11,2016,2776,891,101
sabado,5,11,2016,1523,623,626
martes,29,11,2016,2941,959,1105
martes,20,12,2016,264,856,943
domingo,4,12,2016,964,473,438
jueves,1,12,2016,284,930,1074
sabado,27,1,2018,,629,574
jueves,25,1,2018,,974,1072
martes,20,2,2018,3536,4471,1352
jueves,22,2,2018,3191,1163,1368
lunes,26,2,2018,2997,5203,1273
miercoles,25,4,2018,326,1037,1333
miercoles,18,4,2018,3261,1191,1347
viernes,13,4,2018,3014,1094,1256
jueves,26,4,2018,3224,1068,1263
jueves,12,4,2018,3093,979,1196
jueves,5,4,2018,2748,943,114
martes,4,12,2018,3461,985,1206
lunes,3,12,2018,3583,845,1209
domingo,17,11,2013,1084,,
lunes,2,12,2013,2211,,
sabado,14,7,2018,1395,594,554
martes,26,6,2018,2404,733,868
lunes,18,6,2018,1793,691,809
lunes,4,6,2018,3262,1085,1312
miercoles,9,5,2018,3213,1083,1267
sabado,12,5,2018,152,630,623
viernes,4,5,2018,2745,759,1198
miercoles,17,10,2018,3309,1012,1333
jueves,18,10,2018,353,963,1324
viernes,14,9,2018,3071,820,1125
jueves,20,9,2018,34,1002,1372
sabado,25,8,2018,1534,590,
jueves,16,8,2018,2841,868,
miercoles,10,7,2019,3340,796,1172
jueves,18,7,2019,2998,707,1119
sabado,27,7,2019,2039,545,649
miercoles,5,6,2019,3076,952,1211
sabado,15,6,2019,2165,562,677
martes,18,6,2019,3617,1085,1345
domingo,9,6,2019,1909,655,645
lunes,10,6,2019,3788,1031,1339
jueves,27,6,2019,3881,800,1245
miercoles,11,12,2013,2583,,
viernes,29,11,2013,2259,,
miercoles,18,12,2013,2282,,
sabado,25,1,2014,1346,,
sabado,4,1,2014,113,,
martes,14,1,2014,243,,
miercoles,27,8,2014,272,,
jueves,25,9,2014,2782,,
domingo,31,8,2014,1199,,
miercoles,18,3,2015,2876,,
domingo,29,3,2015,1357,,
lunes,29,9,2014,1878,,
jueves,30,10,2014,2799,,
lunes,20,10,2014,1848,,
miercoles,7,5,2014,2331,,
viernes,6,6,2014,2182,,
sabado,20,12,2014,1209,,
sabado,3,1,2015,1114,,
miercoles,26,3,2014,2868,,
sabado,19,4,2014,2266,,
domingo,9,3,2014,1277,,
martes,22,4,2014,2244,,
miercoles,4,2,2015,2896,,
miercoles,28,1,2015,2928,,
lunes,23,2,2015,2655,,
viernes,8,8,2014,2052,,
lunes,18,8,2014,1589,,
jueves,26,6,2014,1881,,
martes,24,6,2014,1537,,
sabado,11,4,2015,1375,,
lunes,6,4,2015,2647,,
sabado,6,8,2016,961,438,396
martes,14,6,2016,2884,333,256
martes,9,8,2016,26,729,695
lunes,8,8,2016,228,625,614
lunes,4,7,2016,2652,825,824
jueves,25,2,2016,3465,,
martes,12,4,2016,3048,,
sabado,2,4,2016,1331,,
jueves,24,3,2016,1414,,
martes,29,3,2016,2755,,
viernes,6,5,2016,276,,
martes,29,9,2015,2064,,
sabado,19,12,2015,1152,,
miercoles,13,1,2016,164,,
lunes,11,1,2016,2531,,
miercoles,11,11,2015,3045,,
miercoles,18,11,2015,2906,,
miercoles,4,11,2015,268,,
miercoles,28,10,2015,2184,,
jueves,22,10,2015,286,,
miercoles,9,12,2015,2699,,
domingo,29,11,2015,1141,,
viernes,27,11,2015,2752,,
viernes,4,12,2015,2032,,
sabado,13,2,2016,1203,,
viernes,19,2,2016,2646,,
martes,2,2,2016,2586,,
jueves,21,1,2016,2618,,
miercoles,26,8,2015,2788,,
jueves,27,8,2015,2871,,
martes,25,8,2015,2711,,
viernes,26,6,2015,2184,,
lunes,29,6,2015,2231,,
domingo,17,5,2015,1043,,
domingo,24,5,2015,925,,
lunes,20,4,2015,2925,,
sabado,10,9,2016,158,572,586
martes,20,9,2016,3001,887,1004
viernes,26,8,2016,2506,714,789
jueves,25,8,2016,2613,753,840
martes,12,2,2019,4073,1027,1436
sabado,23,2,2019,2117,452,924
viernes,15,3,2019,3957,984,1326
miercoles,20,3,2019,4070,1062,1375
domingo,7,4,2019,1922,569,607
jueves,11,4,2019,4157,1138,1484
lunes,15,4,2019,3554,998,1154
jueves,18,4,2019,2289,613,629
sabado,20,4,2019,2084,447,510
miercoles,12,10,2016,2644,882,1001
domingo,13,11,2016,1173,504,420
sabado,15,10,2016,1486,609,572
jueves,27,10,2016,2922,865,105
miercoles,28,2,2018,3535,1252,1368
domingo,25,2,2018,1452,2922,750
jueves,8,2,2018,3199,11,1269
miercoles,18,7,2018,3071,972,1188
sabado,30,6,2018,1478,590,613
domingo,10,6,2018,1379,603,704
martes,24,7,2018,3131,991,113
domingo,25,3,2018,1477,509,750
viernes,20,4,2018,3328,1228,1304
viernes,23,3,2018,3221,964,1271
lunes,23,4,2018,2835,104,1213
lunes,16,4,2018,3078,1094,1388
miercoles,1,8,2018,3139,915,1171
lunes,13,8,2018,,720,
domingo,31,12,2017,,415,572
miercoles,31,1,2018,,1059,1065
lunes,15,1,2018,,1005,1119
miercoles,12,12,2018,3084,822,1109
lunes,17,12,2018,3385,764,1023
viernes,3,2,2017,3019,1135,1148
domingo,5,3,2017,1214,504,534
lunes,27,3,2017,2914,105,1221
domingo,16,4,2017,1088,522,544
domingo,23,4,2017,1185,613,620
miercoles,14,6,2017,2498,890,199
miercoles,24,5,2017,3139,1077,1257
miercoles,5,7,2017,2642,928,1027
martes,20,6,2017,314,1142,1392
lunes,12,6,2017,293,1054,13
lunes,3,7,2017,235,863,3384
domingo,20,8,2017,,547,647
miercoles,25,10,2017,,,1174
viernes,1,9,2017,,732,
domingo,27,8,2017,,580,
miercoles,14,11,2018,198,434,544
lunes,26,11,2018,3676,864,1232
miercoles,21,12,2016,2511,882,949
viernes,23,12,2016,2083,739,745
sabado,24,12,2016,810,455,336
lunes,26,12,2016,1834,562,571
miercoles,7,11,2018,3816,843,1256
jueves,13,9,2018,2779,818,903
viernes,26,10,2018,356,992,1171
miercoles,19,7,2017,,1017,1061
viernes,21,7,2017,,878,963
jueves,20,7,2017,,959,1081
domingo,7,7,2019,1862,507,633
martes,23,7,2019,3269,778,1189
martes,2,7,2019,3553,729,1219
martes,25,6,2019,3589,856,1203
sabado,8,6,2019,2151,594,668
miercoles,27,11,2013,2383,,
viernes,27,12,2013,134,,
jueves,28,11,2013,2478,,
sabado,20,1,2018,,651,578
viernes,23,2,2018,3285,1141,1341
domingo,4,3,2018,1357,633,645
lunes,5,3,2018,3077,2616,1318
miercoles,7,3,2018,3074,2605,1423
martes,10,4,2018,2879,1081,1334
lunes,30,4,2018,2557,692,1034
martes,29,5,2018,3413,1152,131
jueves,31,5,2018,3189,1143,1356
miercoles,6,6,2018,3291,1175,1322
lunes,11,6,2018,2795,1023,1173
lunes,23,7,2018,2966,1005,1123
miercoles,25,7,2018,3028,962,1147
martes,7,8,2018,,893,
miercoles,8,8,2018,,973,
domingo,26,8,2018,1772,563,
viernes,31,8,2018,2901,812,
domingo,11,11,2018,1769,406,681
viernes,7,12,2018,3525,704,1158
sabado,28,6,2014,937,,
sabado,31,5,2014,1115,,
jueves,12,6,2014,2542,,
lunes,23,6,2014,1491,,
sabado,13,9,2014,1322,,
miercoles,20,8,2014,2309,,
domingo,3,8,2014,1256,,
jueves,21,8,2014,2431,,
miercoles,12,3,2014,2815,,
domingo,13,4,2014,1316,,
martes,13,5,2014,2199,,
jueves,21,4,2016,2482,,
martes,5,4,2016,298,,
miercoles,1,5,2019,1966,635,739
sabado,11,5,2019,2079,659,687
domingo,9,11,2014,1202,,
jueves,13,11,2014,2774,,
domingo,19,10,2014,938,,
sabado,25,10,2014,1436,,
jueves,16,10,2014,2423,,
martes,3,5,2016,2831,,
jueves,12,5,2016,2531,,
lunes,16,5,2016,2636,,
domingo,22,5,2016,1112,,
viernes,10,6,2016,2556,,
jueves,30,6,2016,245,726,741
sabado,9,7,2016,1487,550,488
lunes,18,7,2016,2165,671,705
domingo,7,8,2016,1024,419,388
viernes,12,8,2016,2406,770,840
lunes,22,8,2016,2684,842,893
domingo,9,10,2016,812,341,355
jueves,13,10,2016,2907,893,1137
martes,8,11,2016,194,780,918
miercoles,9,11,2016,1967,662,633
sabado,12,11,2016,1486,511,513
jueves,8,12,2016,2868,886,1038
viernes,16,12,2016,2408,809,904
viernes,30,12,2016,1793,643,565
sabado,31,12,2016,913,404,331
viernes,13,1,2017,2844,1011,1021
jueves,19,1,2017,2974,1025,1177
lunes,23,1,2017,296,1113,1171
martes,31,1,2017,299,1135,1247
miercoles,1,2,2017,3078,121,1293
domingo,19,3,2017,1048,495,528
sabado,25,3,2017,1476,677,697
martes,28,3,2017,3227,1119,1376
viernes,7,4,2017,2925,1047,866
domingo,9,4,2017,1258,566,539
miercoles,19,4,2017,3126,1044,1172
viernes,21,4,2017,3032,1062,901
viernes,28,4,2017,3041,11,816
viernes,12,5,2017,2831,1079,1228
viernes,26,5,2017,311,1092,1156
martes,30,5,2017,3064,1143,1278
sabado,3,6,2017,1533,688,657
domingo,13,8,2017,,552,549
martes,15,8,2017,,1062,1106
sabado,26,8,2017,,595,
lunes,28,8,2017,,723,
domingo,19,11,2017,1293,535,507
martes,19,12,2017,2986,101,1106
viernes,18,12,2015,2151,,
domingo,22,11,2015,912,,
jueves,19,11,2015,2807,,
domingo,17,1,2016,1146,,
sabado,9,1,2016,6911,,
jueves,7,1,2016,2436,,
viernes,30,1,2015,2539,,
lunes,2,3,2015,2677,,
sabado,27,12,2014,1204,,
miercoles,14,1,2015,2737,,
viernes,16,1,2015,2618,,
martes,13,1,2015,2697,,
jueves,15,1,2015,2798,,
sabado,20,2,2016,1249,,
viernes,29,1,2016,2329,,
lunes,29,2,2016,2981,,
martes,15,3,2016,2662,,
sabado,15,11,2014,1241,,
viernes,19,12,2014,2281,,
sabado,29,11,2014,122,,
lunes,15,12,2014,2412,,
jueves,4,12,2014,2412,,
lunes,24,11,2014,2623,,
lunes,28,9,2015,188,,
viernes,28,8,2015,2633,,
miercoles,3,6,2015,2797,,
sabado,13,6,2015,1584,,
viernes,12,6,2015,233,,
jueves,2,7,2015,2153,,
miercoles,29,4,2015,2416,,
viernes,22,5,2015,2196,,
viernes,29,5,2015,2133,,
jueves,14,5,2015,1402,,
miercoles,29,7,2015,2875,,
domingo,9,8,2015,1203,,
lunes,24,8,2015,2558,,
viernes,10,4,2015,2879,,
sabado,21,3,2015,1773,,
viernes,24,4,2015,297,,
jueves,2,4,2015,1382,,
sabado,5,1,2019,1777,616,577
martes,22,1,2019,4119,432,1381
lunes,28,1,2019,3863,737,1372
jueves,31,1,2019,3225,969,1381
jueves,7,2,2019,4212,981,1445
domingo,3,3,2019,1907,577,669
sabado,6,4,2019,2387,677,705
miercoles,17,4,2019,3399,977,1158
lunes,22,4,2019,3457,880,1195
martes,23,4,2019,4026,1118,1309
miercoles,24,7,2019,3599,854,1207
jueves,4,7,2019,3485,676,1180
martes,6,9,2016,3019,843,1003
viernes,9,9,2016,2947,837,938
jueves,29,9,2016,2871,719,829
domingo,16,10,2016,956,541,451
viernes,21,10,2016,2667,872,1043
sabado,17,12,2016,1206,625,577
martes,27,12,2016,2078,660,716
domingo,29,1,2017,1204,595,1172
lunes,6,2,2017,1184,462,505
miercoles,8,2,2017,3174,1164,1336
viernes,10,2,2017,3183,1127,1248
domingo,12,2,2017,1589,514,708
martes,14,3,2017,296,983,1189
sabado,8,4,2017,15,650,568
jueves,20,4,2017,3269,1036,1206
jueves,18,5,2017,3013,1064,1277
miercoles,7,6,2017,2727,994,1227
sabado,10,6,2017,165,719,977
viernes,16,6,2017,3016,102,1298
jueves,29,6,2017,2414,860,1301
martes,4,7,2017,2442,893,3184
sabado,8,7,2017,1199,475,508
lunes,10,7,2017,13676,757,884
lunes,31,7,2017,,992,1022
jueves,31,8,2017,,795,
domingo,10,9,2017,,494,419
lunes,11,9,2017,,1012,1055
martes,12,9,2017,,1093,1167
martes,26,9,2017,,,984
martes,17,10,2017,,,1204
domingo,22,10,2017,,,597
sabado,28,10,2017,,,675
martes,28,11,2017,3267,1134,1271
viernes,22,12,2017,2518,878,840
martes,26,12,2017,7,635,646
miercoles,27,12,2017,,806,747
jueves,28,12,2017,,738,653
martes,2,1,2018,,700,717
domingo,7,1,2018,,559,565
martes,9,1,2018,,1018,1137
martes,16,1,2018,,1084,1165
miercoles,17,1,2018,,1098,1187
viernes,26,1,2018,,101,1018
sabado,17,2,2018,1707,723,742
jueves,19,4,2018,3318,1132,1376
martes,1,5,2018,1533,609,667
martes,8,5,2018,2269,711,1029
viernes,18,5,2018,3028,105,1279
martes,19,6,2018,2735,836,1085
viernes,29,6,2018,2866,898,1045
jueves,19,7,2018,3109,919,1158
domingo,5,8,2018,1057,393,
lunes,20,8,2018,2692,913,
viernes,7,9,2018,3265,988,1209
lunes,10,9,2018,3302,967,1395
miercoles,19,9,2018,2789,988,126
lunes,15,10,2018,3424,1003,1263
sabado,27,10,2018,1866,552,658
lunes,29,10,2018,2929,856,1173
martes,13,11,2018,348,717,1253
sabado,17,11,2018,1961,480,603
martes,20,11,2018,3599,986,1291
miercoles,28,11,2018,3889,934,1183
sabado,8,12,2018,206,603,578
martes,11,12,2018,3521,663,123
viernes,11,7,2014,2445,,
sabado,9,8,2014,1598,,
domingo,10,8,2014,1228,,
domingo,17,8,2014,1289,,
viernes,29,8,2014,2653,,
martes,2,9,2014,1906,,
domingo,7,9,2014,1091,,
miercoles,17,9,2014,2477,,
jueves,18,9,2014,2731,,
sabado,11,10,2014,1298,,
sabado,8,11,2014,1559,,
miercoles,19,11,2014,2591,,
domingo,7,12,2014,939,,
jueves,18,12,2014,2488,,
jueves,22,1,2015,2788,,
domingo,8,2,2015,1629,,
miercoles,11,2,2015,2109,,
jueves,12,3,2015,2654,,
domingo,15,3,2015,801,,
domingo,22,3,2015,1173,,
miercoles,1,4,2015,2055,,
sabado,4,4,2015,1587,,
jueves,23,4,2015,3092,,
sabado,2,5,2015,1149,,
jueves,7,5,2015,2759,,
lunes,11,5,2015,2275,,
lunes,1,6,2015,2563,,
jueves,18,6,2015,2154,,
lunes,20,7,2015,2679,,
jueves,23,7,2015,216,,
viernes,24,7,2015,2207,,
domingo,2,8,2015,1787,,
viernes,14,8,2015,2623,,
viernes,21,8,2015,2219,,
jueves,24,9,2015,2906,,
viernes,6,11,2015,2797,,
jueves,3,12,2015,2362,,
martes,15,12,2015,2781,,
jueves,24,12,2015,1139,,
martes,12,1,2016,2614,,
jueves,18,2,2016,2571,,
miercoles,2,3,2016,3045,,
viernes,4,3,2016,332,,
lunes,7,3,2016,2595,,
jueves,10,3,2016,2143,,
miercoles,4,5,2016,2832,,
jueves,5,5,2016,2727,,
jueves,19,5,2016,2917,,
lunes,13,6,2016,2493,,
viernes,17,6,2016,2695,889,856
lunes,20,6,2016,1868,664,726
domingo,26,6,2016,1746,541,2533
martes,28,6,2016,2824,828,905
viernes,1,7,2016,1675,492,450
jueves,19,12,2013,2165,,
martes,26,11,2013,2761,,
lunes,30,12,2013,1522,,
miercoles,1,1,2014,727,,
lunes,17,2,2014,2476,,
viernes,3,1,2014,1524,,
viernes,21,2,2014,2787,,
viernes,7,3,2014,2577,,
martes,25,3,2014,2655,,
jueves,6,3,2014,2753,,
domingo,29,6,2014,1037,,
viernes,23,5,2014,2137,,
jueves,29,5,2014,2919,,
domingo,20,4,2014,1181,,
lunes,13,5,2019,3564,1029,1360
sabado,25,5,2019,2093,469,683
sabado,12,1,2019,1985,509,770
domingo,27,1,2019,2165,643,841
martes,5,2,2019,4035,767,1421
domingo,17,3,2019,1845,537,592
domingo,31,3,2019,2632,407,875
martes,2,4,2019,4361,804,1502
domingo,28,4,2019,1607,602,700
jueves,13,6,2019,3415,1020,1183
sabado,20,7,2019,2013,541,617
lunes,15,7,2019,3406,808,1110
viernes,2,8,2019,3507,902,1160
sabado,3,8,2019,2066,603,665
miercoles,7,8,2019,3212,732,1065
jueves,8,8,2019,3841,906,1237
martes,20,8,2019,3683,1051,1342
domingo,25,8,2019,2238,634,925
miercoles,28,8,2019,4028,1021,1314
jueves,29,8,2019,3804,917,1275
sabado,31,8,2019,2175,594,661
domingo,1,9,2019,1835,583,667
martes,3,9,2019,4005,1087,1375
sabado,14,9,2019,1758,491,536
lunes,16,9,2019,1145,283,468
viernes,20,9,2019,2976,845,1032
martes,24,9,2019,2833,880,1129
domingo,29,9,2019,1093,434,681
lunes,30,9,2019,2956,843,1039
domingo,2,2,2020,1472,98,498
lunes,3,2,2020,1603,103,586
jueves,6,2,2020,3699,246,1446
sabado,8,2,2020,2286,120,733
domingo,9,2,2020,1869,114,664
martes,11,2,2020,3771,275,1401
domingo,16,2,2020,1695,98,663
viernes,21,2,2020,3882,209,1386
domingo,23,2,2020,1893,112,666
jueves,27,2,2020,3860,276,1477
sabado,29,2,2020,2274,131,698
domingo,1,3,2020,1813,107,634
lunes,2,3,2020,3783,267,1293
miercoles,4,3,2020,3919,331,1374
lunes,9,3,2020,3222,235,1106
martes,10,3,2020,3892,295,1481
jueves,12,3,2020,4005,335,1485
viernes,13,3,2020,3821,264,1414
sabado,21,3,2020,1413,94,546
domingo,22,3,2020,2047,80,702
martes,24,3,2020,1993,159,721
viernes,27,3,2020,1921,130,654
miercoles,1,4,2020,1634,98,531
domingo,5,4,2020,1413,68,541
martes,7,4,2020,1491,77,561
domingo,12,4,2020,1459,61,466
martes,14,4,2020,1408,78,492
miercoles,15,4,2020,1431,78,508
domingo,19,4,2020,1481,64,527
lunes,20,4,2020,1345,69,476
sabado,25,4,2020,1201,58,490
lunes,27,4,2020,1346,66,507
martes,28,4,2020,1253,66,464
sabado,2,5,2020,1419,65,540
martes,5,5,2020,1195,42,461
miercoles,6,5,2020,1054,62,446
jueves,7,5,2020,1162,67,469
lunes,11,5,2020,1060,61,381
miercoles,13,5,2020,1341,70,517
viernes,15,5,2020,1491,85,612
sabado,16,5,2020,1542,63,593
miercoles,20,5,2020,1460,60,563
jueves,21,5,2020,1477,0,572
domingo,24,5,2020,1943,0,721
martes,26,5,2020,1612,75,620
miercoles,27,5,2020,1501,65,535
viernes,29,5,2020,1541,80,730
sabado,30,5,2020,1521,74,628
jueves,4,6,2020,1776,18,584
viernes,5,6,2020,1457,763,635
domingo,7,6,2020,2186,516,692
lunes,8,6,2020,1200,529,504
sabado,13,6,2020,1970,695,652
miercoles,17,6,2020,1842,681,649
jueves,18,6,2020,1948,633,611
viernes,19,6,2020,2029,800,682
sabado,20,6,2020,1535,527,590
domingo,21,6,2020,2106,618,736
martes,23,6,2020,1413,577,532
sabado,27,6,2020,1961,693,700
martes,30,6,2020,1778,741,565
miercoles,8,7,2020,1861,685,627
sabado,1,2,2020,1890,124,648
viernes,7,2,2020,3778,226,1347
sabado,15,2,2020,1939,153,677
lunes,17,2,2020,3575,289,1284
miercoles,19,2,2020,4058,287,1447
jueves,20,2,2020,4003,307,1403
sabado,22,2,2020,2235,187,910
lunes,24,2,2020,3691,272,1335
martes,25,2,2020,3893,310,1437
viernes,28,2,2020,3886,259,1363
jueves,5,3,2020,4076,309,1368
viernes,6,3,2020,3791,251,1353
sabado,7,3,2020,2141,131,725
miercoles,11,3,2020,4059,317,1529
sabado,14,3,2020,1967,125,644
domingo,15,3,2020,1471,82,545
lunes,16,3,2020,1534,93,554
martes,17,3,2020,3057,208,1100
miercoles,18,3,2020,2822,200,1035
jueves,19,3,2020,2515,171,940
viernes,20,3,2020,2486,166,894
miercoles,8,4,2020,1400,79,504
jueves,9,4,2020,1166,59,438
viernes,10,4,2020,1218,76,419
sabado,11,4,2020,1188,56,459
lunes,13,4,2020,1297,70,483
jueves,16,4,2020,1384,83,513
viernes,17,4,2020,1393,93,521
sabado,18,4,2020,1212,82,466
viernes,24,4,2020,1278,71,543
miercoles,29,4,2020,1302,74,482
jueves,30,4,2020,1226,74,557
viernes,1,5,2020,1203,66,498
lunes,4,5,2020,1277,73,486
viernes,8,5,2020,1328,71,542
sabado,9,5,2020,1248,54,486
domingo,10,5,2020,1297,48,485
lunes,18,5,2020,1258,49,493
sabado,23,5,2020,1515,0,602
domingo,31,5,2020,1713,53,695
lunes,1,6,2020,1461,71,530
martes,2,6,2020,1671,75,561
miercoles,3,6,2020,1748,79,606
martes,9,6,2020,1493,653,543
miercoles,10,6,2020,1745,739,609
jueves,11,6,2020,1675,679,587
martes,16,6,2020,1868,721,648
jueves,25,6,2020,1541,685,515
viernes,26,6,2020,1871,690,621
viernes,3,7,2020,1830,742,667
sabado,4,7,2020,1823,679,639
martes,7,7,2020,1804,755,646
martes,4,2,2020,3518,290,1306
miercoles,5,2,2020,3618,326,1299
lunes,10,2,2020,3527,270,1328
miercoles,12,2,2020,3884,270,1416
jueves,13,2,2020,3942,261,1336
viernes,14,2,2020,3366,202,1201
martes,18,2,2020,3880,316,1430
miercoles,26,2,2020,3829,297,1409
martes,3,3,2020,4078,279,1366
domingo,8,3,2020,3071,130,606
lunes,23,3,2020,2064,140,715
miercoles,25,3,2020,2058,117,692
jueves,26,3,2020,1886,139,690
sabado,28,3,2020,1587,79,529
domingo,29,3,2020,1575,68,538
lunes,30,3,2020,1659,104,582
martes,31,3,2020,1694,116,567
jueves,2,4,2020,1531,95,533
viernes,3,4,2020,1391,90,530
sabado,4,4,2020,1192,77,532
lunes,6,4,2020,1386,80,488
martes,21,4,2020,1198,37,436
miercoles,22,4,2020,1213,68,468
jueves,23,4,2020,1339,60,462
domingo,26,4,2020,1440,88,581
domingo,3,5,2020,1543,50,599
martes,12,5,2020,1375,66,523
jueves,14,5,2020,1467,78,576
domingo,17,5,2020,1816,43,648
martes,19,5,2020,1484,57,571
viernes,22,5,2020,1431,0,541
lunes,25,5,2020,1346,64,553
jueves,28,5,2020,1427,73,608
sabado,6,6,2020,1741,657,636
viernes,12,6,2020,1859,718,678
domingo,14,6,2020,2391,558,755
lunes,15,6,2020,1711,659,547
lunes,22,6,2020,1070,502,398
miercoles,24,6,2020,1528,626,522
domingo,28,6,2020,2568,571,818
lunes,29,6,2020,1539,669,521
miercoles,1,7,2020,1780,660,626
jueves,2,7,2020,1938,738,667
domingo,5,7,2020,2471,619,758
lunes,6,7,2020,1623,702,551
jueves,9,7,2020,1597,690,572
